run_id,round,update,epoch,task_id,loss_total,loss_policy,kl_to_ref,advantage_mean,advantage_std,ratio_mean,ratio_clipfrac,approx_kl_old,grad_norm,lr,denoise_steps,noise_level,peak_vram_gb,git_sha
a1_sft_s0_rl0_task4_state_baseline,0,0,0,4,0.2772018721066584,0.2772018721066584,,-0.27720207253886003,0.23991758712215125,0.9999997303893527,0.0,2.779491294579822e-09,23.23782730102539,2e-07,10,0.5,2.6084775924682617,3e8bf8a939a4ea247c903b50a2ce45b134c46b16
a1_sft_s0_rl0_task4_state_baseline,0,1,1,4,0.2625679785260265,0.2625679785260265,,-0.27720207253886003,0.23991758712215128,0.9688349869584789,0.08808290286694168,0.008931677780034888,12.266770362854004,2e-07,10,0.5,3.2863502502441406,3e8bf8a939a4ea247c903b50a2ce45b134c46b16
a1_sft_s0_rl0_task4_state_baseline,1,2,0,4,0.18983066738662083,0.18983066738662083,,-0.1898305388956756,0.180560579870717,1.0000005192675834,0.0,1.5153723831318185e-09,12.43458366394043,4e-07,10,0.5,3.28541898727417,3e8bf8a939a4ea247c903b50a2ce45b134c46b16
a1_sft_s0_rl0_task4_state_baseline,1,3,1,4,0.18112829830980917,0.18112829830980917,,-0.18983053889567564,0.180560579870717,0.9741494115126336,0.0677966125372608,0.005606037736316019,8.175068855285645,4e-07,10,0.5,3.28541898727417,3e8bf8a939a4ea247c903b50a2ce45b134c46b16
a1_sft_s0_rl0_task4_state_baseline,2,4,0,4,0.30175432728396395,0.30175432728396395,,-0.3017544102424768,0.2634706389137179,1.0000001728883263,0.0,2.0913910759147034e-09,29.650251388549805,6e-07,10,0.5,3.28541898727417,3e8bf8a939a4ea247c903b50a2ce45b134c46b16
a1_sft_s0_rl0_task4_state_baseline,2,5,1,4,0.2862635004982265,0.2862635004982265,,-0.30175441024247673,0.2634706389137179,1.0189720050633304,0.11111111346392605,0.014292588934019117,19.251934051513672,6e-07,10,0.5,3.28541898727417,3e8bf8a939a4ea247c903b50a2ce45b134c46b16
a1_sft_s0_rl0_task4_state_baseline,3,6,0,4,0.2960264941319755,0.2960264941319755,,-0.29602647814529626,0.2833381678094928,0.9999998223702636,0.0,-1.1841982523346275e-09,34.51922607421875,8e-07,10,0.5,3.28541898727417,3e8bf8a939a4ea247c903b50a2ce45b134c46b16
a1_sft_s0_rl0_task4_state_baseline,3,7,1,4,0.2763246464826759,0.2763246464826759,,-0.29602647814529626,0.2833381678094928,0.9710978352470904,0.1192053008750575,0.01656571814749363,17.83061408996582,8e-07,10,0.5,3.28541898727417,3e8bf8a939a4ea247c903b50a2ce45b134c46b16
a1_sft_s0_rl0_task4_state_baseline,4,8,0,4,0.3040270157308428,0.3040270157308428,,-0.3040268299163583,0.2814094332240572,1.0000001768137783,0.0,6.000467743861207e-10,34.73484802246094,1e-06,10,0.5,3.28541898727417,3e8bf8a939a4ea247c903b50a2ce45b134c46b16
a1_sft_s0_rl0_task4_state_baseline,4,9,1,4,0.2871416670839839,0.2871416670839839,,-0.3040268299163584,0.2814094332240572,0.9743212801498053,0.09395973374379561,0.014828794527547505,20.79131507873535,1e-06,10,0.5,3.28541898727417,3e8bf8a939a4ea247c903b50a2ce45b134c46b16
a1_sft_s0_rl0_task4_state_baseline,5,10,0,4,0.0,0.0,,0.0,0.0,0.9999997362571674,0.0,4.94131777521816e-09,0.0,1e-06,10,0.5,3.28541898727417,3e8bf8a939a4ea247c903b50a2ce45b134c46b16
a1_sft_s0_rl0_task4_state_baseline,5,11,1,4,0.0,0.0,,0.0,0.0,1.0040851185976531,0.03626943059227009,0.003116251074207522,0.0,1e-06,10,0.5,3.28541898727417,3e8bf8a939a4ea247c903b50a2ce45b134c46b16
a1_sft_s0_rl0_task4_state_baseline,6,12,0,4,-0.0833333555298547,-0.0833333555298547,,0.08333333457509676,0.17568209518988925,1.0000004532436528,0.0,4.190951657471557e-09,13.221413612365723,1e-06,10,0.5,3.28541898727417,3e8bf8a939a4ea247c903b50a2ce45b134c46b16
a1_sft_s0_rl0_task4_state_baseline,6,13,1,4,-0.08703814897065362,-0.08703814897065362,,0.08333333457509676,0.17568209518988925,1.0266486778855324,0.0885416683740914,0.014865207321700305,5.472097396850586,1e-06,10,0.5,3.28541898727417,3e8bf8a939a4ea247c903b50a2ce45b134c46b16
a1_sft_s0_rl0_task4_state_baseline,7,14,0,4,0.12138731906869145,0.12138731906869145,,-0.12138728323699417,0.4867766563258418,1.0000000875120219,0.0,3.1008196960659405e-09,29.955711364746094,1e-06,10,0.5,3.28541898727417,3e8bf8a939a4ea247c903b50a2ce45b134c46b16
a1_sft_s0_rl0_task4_state_baseline,7,15,1,4,0.10926359603696265,0.10926359603696265,,-0.12138728323699417,0.4867766563258419,0.9820827266384411,0.09248554973588512,0.00913964882842938,13.426119804382324,1e-06,10,0.5,3.28541898727417,3e8bf8a939a4ea247c903b50a2ce45b134c46b16
a1_sft_s0_rl0_task4_state_baseline,8,16,0,4,-0.06250004575122148,-0.06250004575122148,,0.06250000093132257,0.19764235243201256,0.9999998593702912,0.0,5.122274215896283e-09,10.028182029724121,1e-06,10,0.5,3.28541898727417,3e8bf8a939a4ea247c903b50a2ce45b134c46b16
a1_sft_s0_rl0_task4_state_baseline,8,17,1,4,-0.06651931791566312,-0.06651931791566312,,0.06250000093132257,0.19764235243201256,1.0076696537435055,0.015625000349245965,0.002902440319303423,7.237375736236572,1e-06,10,0.5,3.28541898727417,3e8bf8a939a4ea247c903b50a2ce45b134c46b16
a1_sft_s0_rl0_task4_state_baseline,9,18,0,4,0.0,0.0,,0.0,0.0,1.000000291312767,0.0,5.1315258326610936e-09,0.0,1e-06,10,0.5,3.28541898727417,3e8bf8a939a4ea247c903b50a2ce45b134c46b16
a1_sft_s0_rl0_task4_state_baseline,9,19,1,4,0.0,0.0,,0.0,0.0,0.9953666960956244,0.03973510012721384,0.002441009602290968,0.0,1e-06,10,0.5,3.28541898727417,3e8bf8a939a4ea247c903b50a2ce45b134c46b16
a1_sft_s0_rl0_task4_state_baseline,10,20,0,4,0.11398953724401566,0.11398953724401566,,-0.11398963892706938,0.4533586313687458,1.000000282581606,0.0,2.4706588738031973e-09,18.87881851196289,1e-06,10,0.5,3.28541898727417,3e8bf8a939a4ea247c903b50a2ce45b134c46b16
a1_sft_s0_rl0_task4_state_baseline,10,21,1,4,0.10497790687220468,0.10497790687220468,,-0.11398963892706938,0.4533586313687459,0.9940186915002337,0.036269430515062005,0.003723183507876352,11.769645690917969,1e-06,10,0.5,3.28541898727417,3e8bf8a939a4ea247c903b50a2ce45b134c46b16
a1_sft_s0_rl0_task4_state_baseline,11,22,0,4,-0.09593024260775987,-0.09593024260775987,,0.09593023394429406,0.17082818926766857,1.0000001497046895,0.0,-6.930772699939515e-10,17.1809139251709,1e-06,10,0.5,3.28541898727417,3e8bf8a939a4ea247c903b50a2ce45b134c46b16
a1_sft_s0_rl0_task4_state_baseline,11,23,1,4,-0.10134773805390956,-0.10134773805390956,,0.09593023394429406,0.17082818926766857,1.0264334110326543,0.06395348906517027,0.01746334214552663,7.164608478546143,1e-06,10,0.5,3.28541898727417,3e8bf8a939a4ea247c903b50a2ce45b134c46b16
a1_sft_s0_rl0_task4_state_baseline,12,24,0,4,0.060344987902148484,0.060344987902148484,,-0.060344827586206864,0.24260461792863644,1.0000001198944004,0.0,1.7127771793449633e-09,9.533361434936523,1e-06,10,0.5,3.28541898727417,3e8bf8a939a4ea247c903b50a2ce45b134c46b16
a1_sft_s0_rl0_task4_state_baseline,12,25,1,4,0.054279407712459635,0.054279407712459635,,-0.060344827586206864,0.2426046179286364,0.990744563354843,0.07471264436327177,0.005198914124148673,6.043130874633789,1e-06,10,0.5,3.28541898727417,3e8bf8a939a4ea247c903b50a2ce45b134c46b16
a1_sft_s0_rl0_task4_state_baseline,13,26,0,4,0.44559607095051296,0.44559607095051296,,-0.44559586789323863,0.5432964026001451,1.0000001003705157,0.0,6.0222310638579166e-09,48.586143493652344,1e-06,10,0.5,3.28541898727417,3e8bf8a939a4ea247c903b50a2ce45b134c46b16
a1_sft_s0_rl0_task4_state_baseline,13,27,1,4,0.42533386371296295,0.42533386371296295,,-0.4455958678932387,0.5432964026001451,0.9715267614379446,0.07772020841200736,0.007415777833138108,30.054039001464844,1e-06,10,0.5,3.28541898727417,3e8bf8a939a4ea247c903b50a2ce45b134c46b16
a1_sft_s0_rl0_task4_state_baseline,14,28,0,4,0.0,0.0,,0.0,0.0,0.999999844322079,0.0,3.5292224815090155e-09,0.0,1e-06,10,0.5,3.28541898727417,3e8bf8a939a4ea247c903b50a2ce45b134c46b16
a1_sft_s0_rl0_task4_state_baseline,14,29,1,4,0.0,0.0,,0.0,0.0,1.006668088859633,0.05263158022180984,0.00378651137793895,0.0,1e-06,10,0.5,3.28541898727417,3e8bf8a939a4ea247c903b50a2ce45b134c46b16
a1_sft_s0_rl0_task4_state_baseline,15,30,0,4,-0.04651164376111917,-0.04651164376111917,,0.04651162513466768,0.10464318269907039,1.0000004893125491,0.0,2.4257704475607446e-09,8.295662879943848,1e-06,10,0.5,3.28541898727417,3e8bf8a939a4ea247c903b50a2ce45b134c46b16
a1_sft_s0_rl0_task4_state_baseline,15,31,1,4,-0.04942736566759819,-0.04942736566759819,,0.04651162513466768,0.10464318269907039,1.027226680933043,0.05813953540352888,0.00987386138284671,2.5047857761383057,1e-06,10,0.5,3.28541898727417,3e8bf8a939a4ea247c903b50a2ce45b134c46b16
a1_sft_s0_rl0_task4_state_baseline,16,32,0,4,-0.019607886584366067,-0.019607886584366067,,0.019607838024111358,0.25577824641676516,1.0000003527192511,0.0,1.4024622456829279e-09,20.82477378845215,1e-06,10,0.5,3.28541898727417,3e8bf8a939a4ea247c903b50a2ce45b134c46b16
a1_sft_s0_rl0_task4_state_baseline,16,33,1,4,-0.025936931284034955,-0.025936931284034955,,0.019607838024111358,0.2557782464167652,1.0242573128027075,0.05882353011299582,0.018765976138563602,5.6472249031066895,1e-06,10,0.5,3.28541898727417,3e8bf8a939a4ea247c903b50a2ce45b134c46b16
a1_sft_s0_rl0_task4_state_baseline,17,34,0,4,-0.12722645233605653,-0.12722645233605653,,0.12722646462098333,0.23042720670008476,1.0000000036399783,0.0,5.459967568820933e-09,20.152952194213867,1e-06,10,0.5,3.28541898727417,3e8bf8a939a4ea247c903b50a2ce45b134c46b16
a1_sft_s0_rl0_task4_state_baseline,17,35,1,4,-0.1345669270016765,-0.1345669270016765,,0.12722646462098333,0.23042720670008474,1.0275666549915579,0.06870229087258113,0.00926027287247427,12.632676124572754,1e-06,10,0.5,3.28541898727417,3e8bf8a939a4ea247c903b50a2ce45b134c46b16
a1_sft_s0_rl0_task4_state_baseline,18,36,0,4,-0.0897436240544686,-0.0897436240544686,,0.08974358439445496,0.11654413480025073,0.9999999339763935,0.0,4.1264754416877516e-09,12.756169319152832,1e-06,10,0.5,3.28541898727417,3e8bf8a939a4ea247c903b50a2ce45b134c46b16
a1_sft_s0_rl0_task4_state_baseline,18,37,1,4,-0.09447042391850399,-0.09447042391850399,,0.08974358439445496,0.11654413480025073,1.0478536495795616,0.06923077026238808,0.01954341104540687,6.114424228668213,1e-06,10,0.5,3.28541898727417,3e8bf8a939a4ea247c903b50a2ce45b134c46b16
a1_sft_s0_rl0_task4_state_baseline,19,38,0,4,0.0,0.0,,0.0,0.0,1.0000003823324255,0.0,3.1370866343235317e-09,0.0,1e-06,10,0.5,3.28541898727417,3e8bf8a939a4ea247c903b50a2ce45b134c46b16
a1_sft_s0_rl0_task4_state_baseline,19,39,1,4,0.0,0.0,,0.0,0.0,1.0055760690256168,0.039473684994797954,0.002799141238663077,0.0,1e-06,10,0.5,3.28541898727417,3e8bf8a939a4ea247c903b50a2ce45b134c46b16
a1_sft_s0_rl0_task4_state_baseline,20,40,0,4,0.023121314823110653,0.023121314823110653,,-0.023121385883561427,0.3144883918279857,1.0000002391076503,0.0,1.7226776203343655e-09,15.378361701965332,1e-06,10,0.5,3.28541898727417,3e8bf8a939a4ea247c903b50a2ce45b134c46b16
a1_sft_s0_rl0_task4_state_baseline,20,41,1,4,0.01755025061224237,0.01755025061224237,,-0.02312138588356143,0.3144883918279857,1.00583024176559,0.040462427960999435,0.008467952959034913,8.511326789855957,1e-06,10,0.5,3.28541898727417,3e8bf8a939a4ea247c903b50a2ce45b134c46b16
a1_sft_s0_rl0_task4_state_baseline,21,42,0,4,-0.07166683355967203,-0.07166683355967203,,0.07166666721304256,0.2739166319370271,1.0000002082188924,0.0,1.9868217885724908e-10,16.7861270904541,1e-06,10,0.5,3.28541898727417,3e8bf8a939a4ea247c903b50a2ce45b134c46b16
a1_sft_s0_rl0_task4_state_baseline,21,43,1,4,-0.07837884770085411,-0.07837884770085411,,0.07166666721304252,0.273916631937027,1.001641530593236,0.06666666815678278,0.007528057836079826,9.741598129272461,1e-06,10,0.5,3.28541898727417,3e8bf8a939a4ea247c903b50a2ce45b134c46b16
a1_sft_s0_rl0_task4_state_baseline,22,44,0,4,-0.09423076716753154,-0.09423076716753154,,0.09423077289874737,0.17081893544930676,1.0000000742765573,0.0,9.169945418381514e-10,9.77164077758789,1e-06,10,0.5,3.28541898727417,3e8bf8a939a4ea247c903b50a2ce45b134c46b16
a1_sft_s0_rl0_task4_state_baseline,22,45,1,4,-0.09883555724070622,-0.09883555724070622,,0.09423077289874739,0.17081893544930682,1.0236877377216633,0.0769230780693201,0.005356839669492241,4.917694091796875,1e-06,10,0.5,3.28541898727417,3e8bf8a939a4ea247c903b50a2ce45b134c46b16
a1_sft_s0_rl0_task4_state_baseline,23,46,0,4,0.1066665386656923,0.1066665386656923,,-0.10666666674117249,0.35151923159758264,0.9999993387858074,0.0,3.5762787516565214e-09,21.717674255371094,1e-06,10,0.5,3.28541898727417,3e8bf8a939a4ea247c903b50a2ce45b134c46b16
a1_sft_s0_rl0_task4_state_baseline,23,47,1,4,0.09919672634161542,0.09919672634161542,,-0.10666666674117249,0.3515192315975827,0.990434010028839,0.04000000099341075,0.005117877070406394,12.807626724243164,1e-06,10,0.5,3.28541898727417,3e8bf8a939a4ea247c903b50a2ce45b134c46b16
a1_sft_s0_rl0_task4_state_baseline,24,48,0,4,0.17543847937332957,0.17543847937332957,,-0.1754385974497823,0.40902907823958584,1.0000005918636659,0.0,4.182782131053303e-09,21.367258071899414,1e-06,10,0.5,3.28541898727417,3e8bf8a939a4ea247c903b50a2ce45b134c46b16
a1_sft_s0_rl0_task4_state_baseline,24,49,1,4,0.1675514082113902,0.1675514082113902,,-0.1754385974497823,0.4090290782395858,0.9841167620050977,0.06432748564154084,0.007844537676891382,11.133979797363281,1e-06,10,0.5,3.28541898727417,3e8bf8a939a4ea247c903b50a2ce45b134c46b16
a1_sft_s0_rl0_task4_state_baseline,25,50,0,4,0.15336807218857995,0.15336807218857995,,-0.15336788225668072,0.41529906212974715,1.0000002353302553,0.0,3.705988326811658e-09,23.201642990112305,1e-06,10,0.5,3.28541898727417,3e8bf8a939a4ea247c903b50a2ce45b134c46b16
a1_sft_s0_rl0_task4_state_baseline,25,51,1,4,0.14441148660729586,0.14441148660729586,,-0.15336788225668072,0.41529906212974727,0.9882785962035618,0.07772020841200736,0.008197250567402854,11.315802574157715,1e-06,10,0.5,3.28541898727417,3e8bf8a939a4ea247c903b50a2ce45b134c46b16
a1_sft_s0_rl0_task4_state_baseline,26,52,0,4,0.049122828314875994,0.049122828314875994,,-0.049122809230932714,0.24712650094464494,0.9999999334240517,0.0,1.394260717276469e-09,16.78805160522461,1e-06,10,0.5,3.28541898727417,3e8bf8a939a4ea247c903b50a2ce45b134c46b16
a1_sft_s0_rl0_task4_state_baseline,26,53,1,4,0.041349656879901886,0.041349656879901886,,-0.04912280923093272,0.24712650094464497,0.9984181310698301,0.07017543920648027,0.008656976977448329,7.657171249389648,1e-06,10,0.5,3.28541898727417,3e8bf8a939a4ea247c903b50a2ce45b134c46b16
a1_sft_s0_rl0_task4_state_baseline,27,54,0,4,0.041290372850433466,0.041290372850433466,,-0.04129032778643795,0.21194563085033044,0.9999995654629126,0.0,7.690922089867884e-09,18.010480880737305,1e-06,10,0.5,3.28541898727417,3e8bf8a939a4ea247c903b50a2ce45b134c46b16
a1_sft_s0_rl0_task4_state_baseline,27,55,1,4,0.03651286006694839,0.03651286006694839,,-0.041290327786437944,0.21194563085033047,0.9842137878940952,0.08387096966466595,0.009608461593880277,6.719221115112305,1e-06,10,0.5,3.28541898727417,3e8bf8a939a4ea247c903b50a2ce45b134c46b16
a1_sft_s0_rl0_task4_state_baseline,28,56,0,4,0.0860926533574309,0.0860926533574309,,-0.08609272608693867,0.2792251181128798,1.000000104604178,0.0,1.5789310050734953e-09,18.86992835998535,1e-06,10,0.5,3.28541898727417,3e8bf8a939a4ea247c903b50a2ce45b134c46b16
a1_sft_s0_rl0_task4_state_baseline,28,57,1,4,0.07809583611465645,0.07809583611465645,,-0.08609272608693869,0.2792251181128798,1.0016578096427668,0.0860927175015014,0.007466208570701763,8.07944393157959,1e-06,10,0.5,3.28541898727417,3e8bf8a939a4ea247c903b50a2ce45b134c46b16
a1_sft_s0_rl0_task4_state_baseline,29,58,0,4,-0.0105263256026726,-0.0105263256026726,,0.01052631555419219,0.03328713147263778,0.9999998058927685,0.0,5.09776580597488e-09,3.9123477935791016,1e-06,10,0.5,3.28541898727417,3e8bf8a939a4ea247c903b50a2ce45b134c46b16
a1_sft_s0_rl0_task4_state_baseline,29,59,1,4,-0.011355841752925986,-0.011355841752925986,,0.01052631555419219,0.03328713147263778,1.0400435614742731,0.05263158012377588,0.016533081553198395,1.814565658569336,1e-06,10,0.5,3.28541898727417,3e8bf8a939a4ea247c903b50a2ce45b134c46b16
a1_sft_s0_rl10_task4_state_baseline,0,0,0,4,0.24507070301284092,0.24507070301284092,,-0.24507044080837223,0.2063735831231578,1.0000001667810718,0.0,5.8765143737065035e-09,19.36655044555664,2e-07,10,0.5,2.6084775924682617,3e8bf8a939a4ea247c903b50a2ce45b134c46b16
a1_sft_s0_rl10_task4_state_baseline,0,1,1,4,0.23165488040660606,0.23165488040660606,,-0.24507044080837223,0.20637358312315782,0.9930158422586505,0.0657277010696035,0.008287740317338293,12.48508358001709,2e-07,10,0.5,3.2863502502441406,3e8bf8a939a4ea247c903b50a2ce45b134c46b16
a1_sft_s0_rl10_task4_state_baseline,1,2,0,4,0.2772020702226189,0.2772020702226189,,-0.27720207253886003,0.23991758712215125,0.9999998885115193,0.0,4.632485428072907e-09,25.302799224853516,4e-07,10,0.5,3.28541898727417,3e8bf8a939a4ea247c903b50a2ce45b134c46b16
a1_sft_s0_rl10_task4_state_baseline,1,3,1,4,0.2643193777209061,0.2643193777209061,,-0.27720207253886003,0.23991758712215125,0.9891579222185004,0.09844559755350026,0.012721078896963589,12.762011528015137,4e-07,10,0.5,3.28541898727417,3e8bf8a939a4ea247c903b50a2ce45b134c46b16
a1_sft_s0_rl10_task4_state_baseline,2,4,0,4,0.2772021756888674,0.2772021756888674,,-0.27720207253886003,0.23991758712215128,1.0000001584309988,0.0,1.8529941657068094e-09,22.30042839050293,6e-07,10,0.5,3.28541898727417,3e8bf8a939a4ea247c903b50a2ce45b134c46b16
a1_sft_s0_rl10_task4_state_baseline,2,5,1,4,0.26742991603853017,0.26742991603853017,,-0.27720207253886003,0.23991758712215128,0.9753923360547869,0.11917098646336889,0.01584802340556882,23.52743911743164,6e-07,10,0.5,3.28541898727417,3e8bf8a939a4ea247c903b50a2ce45b134c46b16
a1_sft_s0_rl10_task4_state_baseline,3,6,0,4,0.241121717284775,0.241121717284775,,-0.24112151326420134,0.21035094573118976,1.000000366540713,0.0,3.0637902101111898e-09,27.321819305419922,8e-07,10,0.5,3.28541898727417,3e8bf8a939a4ea247c903b50a2ce45b134c46b16
a1_sft_s0_rl10_task4_state_baseline,3,7,1,4,0.22647310885226482,0.22647310885226482,,-0.24112151326420134,0.21035094573118976,0.9553691477419058,0.14018691978721975,0.02726752172108896,14.613822937011719,8e-07,10,0.5,3.28541898727417,3e8bf8a939a4ea247c903b50a2ce45b134c46b16
a1_sft_s0_rl10_task4_state_baseline,4,8,0,4,0.30810780460769727,0.30810780460769727,,-0.30810809276393886,0.2796100200833501,1.000000018525768,0.0,4.430075069546388e-09,38.42637634277344,1e-06,10,0.5,3.28541898727417,3e8bf8a939a4ea247c903b50a2ce45b134c46b16
a1_sft_s0_rl10_task4_state_baseline,4,9,1,4,0.28859888458926536,0.28859888458926536,,-0.30810809276393886,0.2796100200833501,0.9766524140093777,0.12837838180161812,0.02002688459774741,17.38027000427246,1e-06,10,0.5,3.28541898727417,3e8bf8a939a4ea247c903b50a2ce45b134c46b16
a1_sft_s0_rl10_task4_state_baseline,5,10,0,4,-0.04145066007740139,-0.04145066007740139,,0.04145077781973725,0.13107886586164563,0.9999999079679577,0.0,1.3897456288820677e-09,9.523516654968262,1e-06,10,0.5,3.28541898727417,3e8bf8a939a4ea247c903b50a2ce45b134c46b16
a1_sft_s0_rl10_task4_state_baseline,5,11,1,4,-0.04329013276285458,-0.04329013276285458,,0.04145077781973725,0.13107886586164563,1.0078391355554055,0.062176166652397793,0.011404442732702516,2.5495388507843018,1e-06,10,0.5,3.28541898727417,3e8bf8a939a4ea247c903b50a2ce45b134c46b16
a1_sft_s0_rl10_task4_state_baseline,6,12,0,4,0.14150954452606865,0.14150954452606865,,-0.14150943761726598,0.37352357270582687,1.00000025753705,0.0,2.530385917569977e-09,23.48276710510254,1e-06,10,0.5,3.28541898727417,3e8bf8a939a4ea247c903b50a2ce45b134c46b16
a1_sft_s0_rl10_task4_state_baseline,6,13,1,4,0.13421571507768815,0.13421571507768815,,-0.14150943761726595,0.3735235727058268,0.9839331181544175,0.06132075619303956,0.010460211734511487,10.582216262817383,1e-06,10,0.5,3.28541898727417,3e8bf8a939a4ea247c903b50a2ce45b134c46b16
a1_sft_s0_rl10_task4_state_baseline,7,14,0,4,0.10880813766946316,0.10880813766946316,,-0.10880829177681031,0.4608599407685236,0.9999995617668863,0.0,2.1618265174540237e-09,17.484699249267578,1e-06,10,0.5,3.28541898727417,3e8bf8a939a4ea247c903b50a2ce45b134c46b16
a1_sft_s0_rl10_task4_state_baseline,7,15,1,4,0.10297396914898344,0.10297396914898344,,-0.10880829177681031,0.4608599407685236,0.9909525053488776,0.04663212504720441,0.009259914378770549,9.216765403747559,1e-06,10,0.5,3.28541898727417,3e8bf8a939a4ea247c903b50a2ce45b134c46b16
a1_sft_s0_rl10_task4_state_baseline,8,16,0,4,-0.04166664245227973,-0.04166664245227973,,0.04166666728754838,0.13176156828800842,0.9999999882032472,0.0,2.4835269350302158e-09,6.1407904624938965,1e-06,10,0.5,3.28541898727417,3e8bf8a939a4ea247c903b50a2ce45b134c46b16
a1_sft_s0_rl10_task4_state_baseline,8,17,1,4,-0.04475424143796166,-0.04475424143796166,,0.04166666728754838,0.13176156828800842,1.0071387837330499,0.02604166720993817,0.004151980808321317,2.968024969100952,1e-06,10,0.5,3.28541898727417,3e8bf8a939a4ea247c903b50a2ce45b134c46b16
a1_sft_s0_rl10_task4_state_baseline,9,18,0,4,0.17543855405341813,0.17543855405341813,,-0.1754385974497823,0.40902907823958584,0.9999999735090469,0.0,2.0913910707206776e-09,21.32476234436035,1e-06,10,0.5,3.28541898727417,3e8bf8a939a4ea247c903b50a2ce45b134c46b16
a1_sft_s0_rl10_task4_state_baseline,9,19,1,4,0.16870149150926464,0.16870149150926464,,-0.1754385974497823,0.4090290782395858,0.9830071668178715,0.08771929911702697,0.015824784752123105,11.74932861328125,1e-06,10,0.5,3.28541898727417,3e8bf8a939a4ea247c903b50a2ce45b134c46b16
a1_sft_s0_rl10_task4_state_baseline,10,20,0,4,0.18987333095526396,0.18987333095526396,,-0.18987343054783495,0.3721610832063456,0.9999999074493282,0.0,4.9041798545259235e-09,16.557226181030273,1e-06,10,0.5,3.28541898727417,3e8bf8a939a4ea247c903b50a2ce45b134c46b16
a1_sft_s0_rl10_task4_state_baseline,10,21,1,4,0.18399913942260576,0.18399913942260576,,-0.18987343054783498,0.37216108320634556,0.9832480137358233,0.0464135036815571,0.004085237736599313,9.544614791870117,1e-06,10,0.5,3.28541898727417,3e8bf8a939a4ea247c903b50a2ce45b134c46b16
a1_sft_s0_rl10_task4_state_baseline,11,22,0,4,0.07042242541139673,0.07042242541139673,,-0.07042253706516793,0.1863456780501935,0.9999996669975245,0.0,4.4773443085564885e-09,8.289288520812988,1e-06,10,0.5,3.28541898727417,3e8bf8a939a4ea247c903b50a2ce45b134c46b16
a1_sft_s0_rl10_task4_state_baseline,11,23,1,4,0.06723293969888644,0.06723293969888644,,-0.07042253706516793,0.18634567805019348,0.9851600424224783,0.032863850604760256,0.003908516231518755,4.111382007598877,1e-06,10,0.5,3.28541898727417,3e8bf8a939a4ea247c903b50a2ce45b134c46b16
a1_sft_s0_rl10_task4_state_baseline,12,24,0,4,0.1401869298838009,0.1401869298838009,,-0.14018691936943015,0.23952795579054634,1.0000000740880164,0.0,3.899369386055327e-09,14.643640518188477,1e-06,10,0.5,3.28541898727417,3e8bf8a939a4ea247c903b50a2ce45b134c46b16
a1_sft_s0_rl10_task4_state_baseline,12,25,1,4,0.13592127982144045,0.13592127982144045,,-0.14018691936943015,0.2395279557905463,0.980870909501459,0.07476635677652936,0.008811574928662696,7.062222480773926,1e-06,10,0.5,3.28541898727417,3e8bf8a939a4ea247c903b50a2ce45b134c46b16
a1_sft_s0_rl10_task4_state_baseline,13,26,0,4,-0.02061858197155687,-0.02061858197155687,,0.020618557008271365,0.06520160080231342,1.000000065442213,0.0,3.5332651008862684e-09,7.315164566040039,1e-06,10,0.5,3.28541898727417,3e8bf8a939a4ea247c903b50a2ce45b134c46b16
a1_sft_s0_rl10_task4_state_baseline,13,27,1,4,-0.022205203848401297,-0.022205203848401297,,0.020618557008271365,0.06520160080231342,1.0256832242012024,0.08247422834032589,0.011477903371696902,0.6030554175376892,1e-06,10,0.5,3.28541898727417,3e8bf8a939a4ea247c903b50a2ce45b134c46b16
a1_sft_s0_rl10_task4_state_baseline,14,28,0,4,0.08823522298651584,0.08823522298651584,,-0.08823529455591655,0.205140325777671,0.9999998751808616,0.0,5.6098489775071345e-09,10.102965354919434,1e-06,10,0.5,3.28541898727417,3e8bf8a939a4ea247c903b50a2ce45b134c46b16
a1_sft_s0_rl10_task4_state_baseline,14,29,1,4,0.08387489542365072,0.08387489542365072,,-0.08823529455591655,0.20514032577767097,0.9864530205726624,0.0705882357323871,0.008316791081212135,5.022569179534912,1e-06,10,0.5,3.28541898727417,3e8bf8a939a4ea247c903b50a2ce45b134c46b16
a1_sft_s0_rl10_task4_state_baseline,15,30,0,4,-0.09411770368323608,-0.09411770368323608,,0.09411764846128577,0.16862238154691808,1.0000001332339121,0.0,3.1555400540927326e-09,16.937271118164062,1e-06,10,0.5,3.28541898727417,3e8bf8a939a4ea247c903b50a2ce45b134c46b16
a1_sft_s0_rl10_task4_state_baseline,15,31,1,4,-0.09684494050110087,-0.09684494050110087,,0.09411764846128577,0.16862238154691808,1.0449583313044382,0.06470588279121062,0.028683094075463218,7.546926021575928,1e-06,10,0.5,3.28541898727417,3e8bf8a939a4ea247c903b50a2ce45b134c46b16
a1_sft_s0_rl10_task4_state_baseline,16,32,0,4,-0.08187125980505468,-0.08187125980505468,,0.08187134742562534,0.17875511865866808,0.9999999292412696,0.0,-6.971303378621309e-10,13.166970252990723,1e-06,10,0.5,3.28541898727417,3e8bf8a939a4ea247c903b50a2ce45b134c46b16
a1_sft_s0_rl10_task4_state_baseline,16,33,1,4,-0.08692163355343524,-0.08692163355343524,,0.08187134742562534,0.17875511865866808,1.0201605502624957,0.05847953268659045,0.0059130262014693,5.234935283660889,1e-06,10,0.5,3.28541898727417,3e8bf8a939a4ea247c903b50a2ce45b134c46b16
a1_sft_s0_rl10_task4_state_baseline,17,34,0,4,-0.06666662701789071,-0.06666662701789071,,0.06666666269302368,0.1418841155136333,0.9999995217603798,0.0,1.4024622456829279e-09,14.698517799377441,1e-06,10,0.5,3.28541898727417,3e8bf8a939a4ea247c903b50a2ce45b134c46b16
a1_sft_s0_rl10_task4_state_baseline,17,35,1,4,-0.07102493959314683,-0.07102493959314683,,0.06666666269302368,0.1418841155136333,1.0139815737219415,0.07058823634596433,0.008831728038871112,8.074995040893555,1e-06,10,0.5,3.28541898727417,3e8bf8a939a4ea247c903b50a2ce45b134c46b16
a1_sft_s0_rl10_task4_state_baseline,18,36,0,4,0.05670094603346181,0.05670094603346181,,-0.05670103567085931,0.3455602024326618,0.9999997330080603,0.0,5.530327971057396e-09,20.218677520751953,1e-06,10,0.5,3.28541898727417,3e8bf8a939a4ea247c903b50a2ce45b134c46b16
a1_sft_s0_rl10_task4_state_baseline,18,37,1,4,0.04989302648020159,0.04989302648020159,,-0.056701035670859316,0.3455602024326618,0.9904997569998515,0.07216494949054472,0.007904710276578924,8.128198623657227,1e-06,10,0.5,3.28541898727417,3e8bf8a939a4ea247c903b50a2ce45b134c46b16
a1_sft_s0_rl10_task4_state_baseline,19,38,0,4,0.1450978336527068,0.1450978336527068,,-0.1450980419621749,0.449266647240695,0.9999999964938445,0.0,4.9086178572779595e-09,23.808574676513672,1e-06,10,0.5,3.28541898727417,3e8bf8a939a4ea247c903b50a2ce45b134c46b16
a1_sft_s0_rl10_task4_state_baseline,19,39,1,4,0.13389905510360706,0.13389905510360706,,-0.14509804196217488,0.4492666472406949,0.9943586125093349,0.05882353055126527,0.006646072268075145,12.241280555725098,1e-06,10,0.5,3.28541898727417,3e8bf8a939a4ea247c903b50a2ce45b134c46b16
a1_sft_s0_rl10_task4_state_baseline,20,40,0,4,0.09579433747958914,0.09579433747958914,,-0.09579439280189088,0.20382733963360306,0.9999997147889896,0.0,2.3674742623230832e-09,9.871214866638184,1e-06,10,0.5,3.28541898727417,3e8bf8a939a4ea247c903b50a2ce45b134c46b16
a1_sft_s0_rl10_task4_state_baseline,20,41,1,4,0.09126796019829324,0.09126796019829324,,-0.09579439280189088,0.20382733963360303,0.9909040588084781,0.0934579465016026,0.009140482635175261,4.508503437042236,1e-06,10,0.5,3.28541898727417,3e8bf8a939a4ea247c903b50a2ce45b134c46b16
a1_sft_s0_rl10_task4_state_baseline,21,42,0,4,0.01554405695030109,0.01554405695030109,,-0.015544041701703495,0.1459362555507551,0.9999998437308274,0.0,2.779491248560214e-09,7.920572757720947,1e-06,10,0.5,3.28541898727417,3e8bf8a939a4ea247c903b50a2ce45b134c46b16
a1_sft_s0_rl10_task4_state_baseline,21,43,1,4,0.012742932133106368,0.012742932133106368,,-0.015544041701703494,0.14593625555075507,0.9943141810634593,0.062176166729605895,0.005982431565387866,3.3834586143493652,1e-06,10,0.5,3.28541898727417,3e8bf8a939a4ea247c903b50a2ce45b134c46b16
a1_sft_s0_rl10_task4_state_baseline,22,44,0,4,-0.11589409026089094,-0.11589409026089094,,0.11589404131403033,0.2049293391751928,1.0000002692077332,0.0,1.5789310168374479e-09,13.191078186035156,1e-06,10,0.5,3.28541898727417,3e8bf8a939a4ea247c903b50a2ce45b134c46b16
a1_sft_s0_rl10_task4_state_baseline,22,45,1,4,-0.12213877080292102,-0.12213877080292102,,0.11589404131403032,0.2049293391751928,1.0168402573920243,0.06622516674711215,0.008769073920662802,5.789737701416016,1e-06,10,0.5,3.28541898727417,3e8bf8a939a4ea247c903b50a2ce45b134c46b16
a1_sft_s0_rl10_task4_state_baseline,23,46,0,4,-0.13166652739048004,-0.13166652739048004,,0.13166667143503824,0.22339178423086806,1.0000002388159435,0.0,4.768371706376229e-09,17.48142433166504,1e-06,10,0.5,3.28541898727417,3e8bf8a939a4ea247c903b50a2ce45b134c46b16
a1_sft_s0_rl10_task4_state_baseline,23,47,1,4,-0.13805053989092508,-0.13805053989092508,,0.13166667143503824,0.22339178423086803,1.0136617954572043,0.046666667461395264,0.004973598790805529,10.924777030944824,1e-06,10,0.5,3.28541898727417,3e8bf8a939a4ea247c903b50a2ce45b134c46b16
a1_sft_s0_rl10_task4_state_baseline,24,48,0,4,-0.03716215948146341,-0.03716215948146341,,0.03716216358431691,0.0848756760258127,1.000000442202027,0.0,1.2082022679624292e-09,6.667913913726807,1e-06,10,0.5,3.28541898727417,3e8bf8a939a4ea247c903b50a2ce45b134c46b16
a1_sft_s0_rl10_task4_state_baseline,24,49,1,4,-0.03860872036248848,-0.03860872036248848,,0.03716216358431691,0.0848756760258127,1.0150325620496599,0.013513513714880557,0.004836942069555088,3.5756754875183105,1e-06,10,0.5,3.28541898727417,3e8bf8a939a4ea247c903b50a2ce45b134c46b16
a1_sft_s0_rl10_task4_state_baseline,25,50,0,4,-0.02923977588526687,-0.02923977588526687,,0.029239771048925077,0.312109703208968,0.9999999818746106,0.0,1.3942606861123136e-09,20.0404052734375,1e-06,10,0.5,3.28541898727417,3e8bf8a939a4ea247c903b50a2ce45b134c46b16
a1_sft_s0_rl10_task4_state_baseline,25,51,1,4,-0.037129213107608215,-0.037129213107608215,,0.02923977104892507,0.3121097032089681,1.0185191805599727,0.02923976651757781,0.0051539882684633,11.758638381958008,1e-06,10,0.5,3.28541898727417,3e8bf8a939a4ea247c903b50a2ce45b134c46b16
a1_sft_s0_rl10_task4_state_baseline,26,52,0,4,-0.05847943288802403,-0.05847943288802403,,0.058479534407630984,0.13249506570442376,0.9999997950436774,0.0,2.7885213981947567e-09,6.791279315948486,1e-06,10,0.5,3.28541898727417,3e8bf8a939a4ea247c903b50a2ce45b134c46b16
a1_sft_s0_rl10_task4_state_baseline,26,53,1,4,-0.06178641332346095,-0.06178641332346095,,0.058479534407630984,0.13249506570442376,1.0023084631440233,0.017543859823405394,0.0033233224952794963,3.163588285446167,1e-06,10,0.5,3.28541898727417,3e8bf8a939a4ea247c903b50a2ce45b134c46b16
a1_sft_s0_rl10_task4_state_baseline,27,54,0,4,0.2384976515187904,0.2384976515187904,,-0.23849766593024205,0.40453713474699005,1.0000000492507863,0.0,3.3580082439269218e-09,25.190406799316406,1e-06,10,0.5,3.28541898727417,3e8bf8a939a4ea247c903b50a2ce45b134c46b16
a1_sft_s0_rl10_task4_state_baseline,27,55,1,4,0.2276045184040294,0.2276045184040294,,-0.2384976659302421,0.40453713474699005,0.9820302959898827,0.08920187996306889,0.006868768637126299,12.872255325317383,1e-06,10,0.5,3.28541898727417,3e8bf8a939a4ea247c903b50a2ce45b134c46b16
a1_sft_s0_rl10_task4_state_baseline,28,56,0,4,0.080232699250066,0.080232699250066,,-0.0802325550899949,0.49399834732676684,0.99999983781992,0.0,9.010004546068167e-09,22.474533081054688,1e-06,10,0.5,3.28541898727417,3e8bf8a939a4ea247c903b50a2ce45b134c46b16
a1_sft_s0_rl10_task4_state_baseline,28,57,1,4,0.06990684040410575,0.06990684040410575,,-0.08023255508999488,0.49399834732676684,1.0012801220250684,0.05232558174188747,0.005649684124364285,12.604209899902344,1e-06,10,0.5,3.28541898727417,3e8bf8a939a4ea247c903b50a2ce45b134c46b16
a1_sft_s0_rl10_task4_state_baseline,29,58,0,4,0.12235283851623534,0.12235283851623534,,-0.12235294422682591,0.3480662745587967,1.0000001549720765,0.0,6.6616957022598146e-09,19.142009735107422,1e-06,10,0.5,3.28541898727417,3e8bf8a939a4ea247c903b50a2ce45b134c46b16
a1_sft_s0_rl10_task4_state_baseline,29,59,1,4,0.11651900717440773,0.11651900717440773,,-0.12235294422682591,0.34806627455879674,0.9931601531365338,0.07647058876121746,0.008442229750182696,11.621241569519043,1e-06,10,0.5,3.28541898727417,3e8bf8a939a4ea247c903b50a2ce45b134c46b16
