run_id,update,last_round,chunks,loss_policy,advantage_mean,advantage_std,ratio_mean,grad_norm,lr,approx_kl_step,max_log_ratio_step,denoise_steps,noise_level,noise_joint,git_sha
a1_sft_s0_task4_accum20_joint15_lr2.5e-7,0,19,3773,0.19682851912522206,-0.19682834946407016,0.37686955425646396,0.9999997815180924,10.162557601928711,2.5e-07,0.008802363649010658,0.4390869140625,10,1.5,True,0bfe38b55a35001adceea50f5e698a778f89aece
a1_sft_s0_task4_accum20_joint15_lr2.5e-7,1,39,3795,0.12536223469466504,-0.1253623246189516,0.32821878558601475,0.9999999548763783,7.96808385848999,2.5e-07,0.007661682087928057,0.47637939453125,10,1.5,True,0bfe38b55a35001adceea50f5e698a778f89aece
a1_sft_s0_task4_accum20_joint15_lr2.5e-7,2,59,3669,0.09593850958195863,-0.0959389531184328,0.3034519676711034,0.9999991843959687,8.321681022644043,2.5e-07,0.005525574088096619,0.3250732421875,10,1.5,True,0bfe38b55a35001adceea50f5e698a778f89aece
a1_sft_s0_task4_accum20_joint15_lr2.5e-7,3,79,3705,0.13058073319967298,-0.13058030174821414,0.33117926575032325,1.0000009054918844,8.190372467041016,2.5e-07,0.003774079727008939,0.2767333984375,10,1.5,True,0bfe38b55a35001adceea50f5e698a778f89aece
a1_sft_s0_task4_accum20_joint15_lr2.5e-7,4,99,3555,0.11127929757447315,-0.11127989255730193,0.3332208462069977,0.9999991702798717,8.83908462524414,2.5e-07,0.002875947393476963,0.23809814453125,10,1.5,True,0bfe38b55a35001adceea50f5e698a778f89aece
a1_sft_s0_task4_accum20_joint15_lr2.5e-7,5,119,3617,0.1364662793493552,-0.13646669264286468,0.35054717914304057,0.9999992200475982,10.05532169342041,2.5e-07,0.004050574731081724,0.30926513671875,10,1.5,True,0bfe38b55a35001adceea50f5e698a778f89aece
a1_sft_s0_task4_accum20_joint15_lr2.5e-7,6,139,3684,0.15526605261859716,-0.155266021768159,0.33747756544270036,1.0000004060364183,10.414298057556152,2.5e-07,0.0040827421471476555,0.308502197265625,10,1.5,True,0bfe38b55a35001adceea50f5e698a778f89aece
a1_sft_s0_task4_accum20_joint15_lr2.5e-7,7,159,3480,0.09189663722832819,-0.09189655631405955,0.32009455602958625,1.00000027553446,8.03725814819336,2.5e-07,0.002166739432141185,0.207275390625,10,1.5,True,0bfe38b55a35001adceea50f5e698a778f89aece
a1_sft_s0_task4_accum20_joint15_lr2.5e-7_seed10,0,19,3919,0.1794418695250402,-0.179442042819956,0.34427277205032364,0.9999998441670859,11.131766319274902,2.5e-07,0.014898562803864479,0.52197265625,10,1.5,True,98e2d06491e8cc6103411b206ab4caf77c6921c0
a1_sft_s0_task4_accum20_joint15_lr2.5e-7_seed10,1,39,3745,0.11058721830881883,-0.11058745527806603,0.32064719906397593,0.9999999845616808,8.614659309387207,2.5e-07,0.012155447155237198,0.46002197265625,10,1.5,True,98e2d06491e8cc6103411b206ab4caf77c6921c0
a1_sft_s0_task4_accum20_joint15_lr2.5e-7_seed10,2,59,3712,0.12564679123671962,-0.12564655876736525,0.32089848109071367,0.9999989712899872,8.851055145263672,2.5e-07,0.006905817426741123,0.48394775390625,10,1.5,True,98e2d06491e8cc6103411b206ab4caf77c6921c0
a1_sft_s0_task4_accum20_joint15_lr2.5e-7_seed10,3,79,3657,0.09532395245887984,-0.09532404259165063,0.2617772791268788,0.999999950712484,6.705870151519775,2.5e-07,0.0037739824037998915,0.3245849609375,10,1.5,True,98e2d06491e8cc6103411b206ab4caf77c6921c0
a1_sft_s0_task4_accum20_joint15_lr2.5e-7_seed10,4,99,3646,0.1363687527586159,-0.13636862884315976,0.34789488936232393,1.0000004077016555,10.340106964111328,2.5e-07,0.005099003668874502,0.270751953125,10,1.5,True,98e2d06491e8cc6103411b206ab4caf77c6921c0
a1_sft_s0_task4_accum20_joint15_lr2.5e-7_seed10,5,119,3490,0.08022904759299619,-0.08022923225104638,0.2978886862197373,0.9999999344007333,7.585868835449219,2.5e-07,0.004567427560687065,0.33001708984375,10,1.5,True,98e2d06491e8cc6103411b206ab4caf77c6921c0
a1_sft_s0_task4_accum20_joint15_lr2.5e-7_seed10,6,139,3431,0.11046334728870084,-0.11046342505291387,0.326287882826534,1.0000002893544049,8.704530715942383,2.5e-07,0.0034827813506126404,0.2862548828125,10,1.5,True,98e2d06491e8cc6103411b206ab4caf77c6921c0
a1_sft_s0_task4_accum20_joint15_lr2.5e-7_seed10,7,159,3529,0.12417109527135071,-0.12417116121078355,0.3003026904972662,1.0000007703507645,8.225831031799316,2.5e-07,0.0019988450221717358,0.193603515625,10,1.5,True,98e2d06491e8cc6103411b206ab4caf77c6921c0
a1_rl_s0,0,19,3840,0.16075540187011864,-0.16075520977052896,0.29444385718088595,1.0000005410052837,9.747379302978516,2.5e-07,0.0012831708882004023,0.1527099609375,10,1.5,True,d6300713ec4771500605795aa6b533dd0d7ded67
a1_rl_s0,1,39,3982,0.17277759103252685,-0.17277749994346828,0.42459579136190795,1.0000005519641577,11.882494926452637,2.5e-07,0.0008589335484430194,0.133056640625,10,1.5,True,d6300713ec4771500605795aa6b533dd0d7ded67
a1_rl_s0,2,59,3906,0.1385052349843762,-0.13850486759025807,0.4760652270322571,0.9999996564416354,12.644124984741211,2.5e-07,0.0004033444565720856,0.0889892578125,10,1.5,True,d6300713ec4771500605795aa6b533dd0d7ded67
a1_rl_s0,3,79,3857,0.12963457562518052,-0.12963443225221155,0.39620858596988934,1.0000007398579138,10.197803497314453,2.5e-07,0.00034271087497472763,0.08465576171875,10,1.5,True,d6300713ec4771500605795aa6b533dd0d7ded67
a1_rl_s0,4,99,3832,0.10403609075943167,-0.10403619371432352,0.3400957345970302,1.0000002204220828,10.279375076293945,2.5e-07,0.00035863922676071525,0.09259033203125,10,1.5,True,d6300713ec4771500605795aa6b533dd0d7ded67
a1_rl_s0,5,119,3817,0.1208630372302399,-0.12086282091745695,0.3791404500045419,1.0000008328253915,10.320115089416504,2.5e-07,0.00036271673161536455,0.140380859375,10,1.5,True,d6300713ec4771500605795aa6b533dd0d7ded67
a1_rl_s0,6,139,3745,0.11495368552900295,-0.11495327107876897,0.3484399656428196,1.0000001672909002,9.27551555633545,2.5e-07,0.0003013697569258511,0.08697509765625,10,1.5,True,d6300713ec4771500605795aa6b533dd0d7ded67
a1_rl_s0,7,159,3827,0.10206405536851115,-0.10206428359826987,0.33877497056203687,1.0000000879040019,9.632101058959961,2.5e-07,0.00026678439462557435,0.07568359375,10,1.5,True,d6300713ec4771500605795aa6b533dd0d7ded67
a1_rl_s1,0,19,3536,0.14157255203937263,-0.14157240272223598,0.32055207725395174,0.9999997684420234,10.713235855102539,2.5e-07,0.0019893068820238113,0.20367431640625,10,1.5,True,d6300713ec4771500605795aa6b533dd0d7ded67
a1_rl_s1,1,39,3556,0.11906653064480065,-0.119066373460284,0.3709677017982148,0.9999988742834806,10.577198028564453,2.5e-07,0.001653151004575193,0.21136474609375,10,1.5,True,d6300713ec4771500605795aa6b533dd0d7ded67
a1_rl_s1,2,59,3442,0.07147013901460887,-0.07147007644011973,0.4129808879501247,0.9999998356975974,12.672430038452148,2.5e-07,0.0013884016079828143,0.2220458984375,10,1.5,True,d6300713ec4771500605795aa6b533dd0d7ded67
a1_rl_s1,3,79,3248,0.04802922344436355,-0.04802955719504707,0.39493604837068047,1.0000010364014527,10.757415771484375,2.5e-07,0.0009686604025773704,0.13702392578125,10,1.5,True,d6300713ec4771500605795aa6b533dd0d7ded67
a1_rl_s1,4,99,3510,0.09691384380359362,-0.09691358346736159,0.37246077122681504,0.9999983866330225,10.927774429321289,2.5e-07,0.0006143023492768407,0.1041259765625,10,1.5,True,d6300713ec4771500605795aa6b533dd0d7ded67
a1_rl_s1,5,119,3372,0.08353150821227844,-0.0835310525690622,0.3949117355119362,0.9999997256100531,11.141166687011719,2.5e-07,0.0005133722443133593,0.09918212890625,10,1.5,True,d6300713ec4771500605795aa6b533dd0d7ded67
a1_rl_s1,6,139,3345,0.07825111684198571,-0.07825112144764852,0.3173435803575188,1.0000005976501603,11.755024909973145,2.5e-07,0.0007369985687546432,0.14404296875,10,1.5,True,d6300713ec4771500605795aa6b533dd0d7ded67
a1_rl_s1,7,159,3280,0.05908588270724716,-0.059085368179352726,0.3606954677121305,0.9999995187106656,10.76960563659668,2.5e-07,0.0004401667683850974,0.0865478515625,10,1.5,True,d6300713ec4771500605795aa6b533dd0d7ded67
a1_rl_s2,0,19,3886,0.16546554692286247,-0.16546577655308126,0.2910145027040515,0.9999997710144771,9.475438117980957,2.5e-07,0.0032439366914331913,0.2359619140625,10,1.5,True,7101e02b1b97c69f39ca874b3b416b2ea6ca49ed
a1_rl_s2,1,39,3789,0.1247033708335345,-0.12470308953233004,0.3729817324796557,1.0000000082272973,10.641100883483887,2.5e-07,0.002373884432017803,0.26263427734375,10,1.5,True,7101e02b1b97c69f39ca874b3b416b2ea6ca49ed
a1_rl_s2,2,59,3951,0.12275361867116426,-0.1227537344521705,0.48998073063992575,1.0000001972037247,12.102377891540527,2.5e-07,0.0011486344737932086,0.1475830078125,10,1.5,True,7101e02b1b97c69f39ca874b3b416b2ea6ca49ed
a1_rl_s2,3,79,4003,0.1597548512043519,-0.15975518616778595,0.40907980548555245,0.9999985710817547,10.568947792053223,2.5e-07,0.0008162438170984387,0.1256103515625,10,1.5,True,7101e02b1b97c69f39ca874b3b416b2ea6ca49ed
a1_rl_s2,4,99,3982,0.11953764497422255,-0.11953793024426278,0.369793576123366,1.0000003374053987,9.653547286987305,2.5e-07,0.0006113594281487167,0.14459228515625,10,1.5,True,7101e02b1b97c69f39ca874b3b416b2ea6ca49ed
a1_rl_s2,5,119,4171,0.19811397244842494,-0.1981139781511293,0.41169872656339535,0.999999894209258,11.934150695800781,2.5e-07,0.0005691431579180062,0.1102294921875,10,1.5,True,7101e02b1b97c69f39ca874b3b416b2ea6ca49ed
a1_rl_s2,6,139,3895,0.14910162538290314,-0.14910141486621944,0.39482914318781304,0.999999386768439,10.503557205200195,2.5e-07,0.0005518483812920749,0.11175537109375,10,1.5,True,7101e02b1b97c69f39ca874b3b416b2ea6ca49ed
a1_rl_s2,7,159,3896,0.09228725028530221,-0.09228696478425584,0.3440737317639424,0.999999606572627,9.076029777526855,2.5e-07,0.000595086021348834,0.10821533203125,10,1.5,True,7101e02b1b97c69f39ca874b3b416b2ea6ca49ed
a1_rl_s3,0,19,4179,0.1334770641932172,-0.13347691697694525,0.23723497066123544,0.9999996138178124,8.481115341186523,2.5e-07,0.0018872241489589214,0.27044677734375,10,1.5,True,7101e02b1b97c69f39ca874b3b416b2ea6ca49ed
a1_rl_s3,1,39,4107,0.11032439343584831,-0.11032384477777077,0.32024428251308046,1.000000067543223,10.338530540466309,2.5e-07,0.0008095876546576619,0.15069580078125,10,1.5,True,7101e02b1b97c69f39ca874b3b416b2ea6ca49ed
a1_rl_s3,2,59,4170,0.09184650236682848,-0.09184652454347061,0.3809428826581946,1.0000004632724562,10.025588989257812,2.5e-07,0.00047570449532940984,0.12005615234375,10,1.5,True,7101e02b1b97c69f39ca874b3b416b2ea6ca49ed
a1_rl_s3,3,79,4139,0.07380985716498717,-0.07381010102704401,0.3309506863845262,1.0000000295071072,8.717010498046875,2.5e-07,0.0004051546275150031,0.1019287109375,10,1.5,True,7101e02b1b97c69f39ca874b3b416b2ea6ca49ed
a1_rl_s3,4,99,4139,0.09515192338624959,-0.09515181436007887,0.30794589162074476,1.0000004833750922,8.102250099182129,2.5e-07,0.0002402728860033676,0.098876953125,10,1.5,True,7101e02b1b97c69f39ca874b3b416b2ea6ca49ed
a1_rl_s3,5,119,4227,0.10921823396143633,-0.10921852480816678,0.33625123043319194,1.0000009208755456,8.9283447265625,2.5e-07,0.00023429194698110223,0.08673095703125,10,1.5,True,7101e02b1b97c69f39ca874b3b416b2ea6ca49ed
a1_rl_s3,6,139,4188,0.12171702828959198,-0.12171681365042697,0.2619652433130524,1.000000926533424,7.942742347717285,2.5e-07,0.00023405106912832707,0.06280517578125,10,1.5,True,7101e02b1b97c69f39ca874b3b416b2ea6ca49ed
a1_rl_s3,7,159,3933,0.027777780302033726,-0.02777777795395474,0.27749278668968724,1.0000003668724233,7.846038818359375,2.5e-07,0.00017706354265101254,0.082763671875,10,1.5,True,7101e02b1b97c69f39ca874b3b416b2ea6ca49ed
a1_rl_s4,0,19,4149,0.09879530149664091,-0.09879489020918307,0.1938220562202783,1.0000011623408542,7.6302337646484375,2.5e-07,0.0029743267223238945,0.24444580078125,10,1.5,True,7101e02b1b97c69f39ca874b3b416b2ea6ca49ed
a1_rl_s4,1,39,4341,0.11220913922914964,-0.11220917295586456,0.25784504969695066,0.9999998144168674,7.688747882843018,2.5e-07,0.0014618256827816367,0.155517578125,10,1.5,True,7101e02b1b97c69f39ca874b3b416b2ea6ca49ed
a1_rl_s4,2,59,4203,0.06447807379296253,-0.06447775430255863,0.3636671534442289,0.9999997533845414,10.840041160583496,2.5e-07,0.0013035746524110436,0.227783203125,10,1.5,True,7101e02b1b97c69f39ca874b3b416b2ea6ca49ed
a1_rl_s4,3,79,4303,0.11004002667511524,-0.11003950979043765,0.279764710582469,1.0000004702713665,7.903191566467285,2.5e-07,0.0011605260660871863,0.1981201171875,10,1.5,True,7101e02b1b97c69f39ca874b3b416b2ea6ca49ed
a1_rl_s4,4,99,4237,0.0448429758678304,-0.044843052538296006,0.26745052287846993,0.999999336020857,7.247698783874512,2.5e-07,0.001000621821731329,0.148681640625,10,1.5,True,7101e02b1b97c69f39ca874b3b416b2ea6ca49ed
a1_rl_s4,5,119,4213,0.06685629955948387,-0.06685656296217948,0.3141491684011289,1.0000000901497261,7.720000743865967,2.5e-07,0.0008421535021625459,0.19671630859375,10,1.5,True,7101e02b1b97c69f39ca874b3b416b2ea6ca49ed
a1_rl_s4,6,139,4191,0.06692885832189431,-0.06692913510225335,0.2330499698117507,0.9999992921966211,6.919613361358643,2.5e-07,0.00038527490687556565,0.087646484375,10,1.5,True,7101e02b1b97c69f39ca874b3b416b2ea6ca49ed
a1_rl_s4,7,159,4274,0.06478730819824799,-0.06478708700325286,0.23008302465136998,1.000001008411853,6.840750217437744,2.5e-07,0.0005440874956548214,0.09942626953125,10,1.5,True,7101e02b1b97c69f39ca874b3b416b2ea6ca49ed
